{"name": "delict", "constr": {"construction_type": "Application", "arguments": {"operator": "product", "operands": [{"name": "delict_id", "domain": "delict", "codomain": "identificator"}, {"name": "soort level 0", "domain": "delict", "codomain": "SCM code level 0"}, {"name": "soort level 1", "domain": "delict", "codomain": "SCM code level 1"}, {"name": "soort level 2", "domain": "delict", "codomain": "SCM code level 2"}, {"name": "soort level 3", "domain": "delict", "codomain": "SCM code level 3"}, {"name": "aantal verdachten", "domain": "delict", "codomain": "getal"}, {"name": "gepleegd_op", "domain": "delict", "codomain": "identificator"}, {"name": "gepleegd_in", "domain": "delict", "codomain": "identificator"}]}}}