{"name": "persoon", "constr": {"construction_type": "Application", "arguments": {"operator": "product", "operands": [{"name": "persoon_id", "domain": "persoon", "codomain": "identificator"}, {"name": "naam", "domain": "persoon", "codomain": "namen"}, {"name": "leeftijd", "domain": "persoon", "codomain": "getal"}, {"name": "geslacht", "domain": "persoon", "codomain": "geslachten"}, {"name": "inkomen", "domain": "persoon", "codomain": "getal"}, {"name": "woont_op", "domain": "persoon", "codomain": "identificator"}]}}}